Workbook

Sheet Dashboard
B1: Customer Churn | Business KPI Dashboard
B2: Interactive summary based on the supplied cleaned dataset (15 records). Use the filters below; charts and KPI cards recalculate in Excel.
B4: FILTER | C4: SELECTION | E4: KPI SUMMARY
B5: Contract type | C5: All | E5: Records | G5: Churn rate | I5: Retention rate | K5: Monthly revenue at risk | M5: Average tenure
B6: Tenure band | C6: All | E6: =SUMPRODUCT(--(((Data!$H$2:$H$16=$C$5)+($C$5="All"))>0),--(((Data!$L$2:$L$16=$C$6)+($C$6="All"))>0),--(((Data!$J$2:$J$16=$C$7)+($C$7="All"))>0)) -> 15 | G6: =IFERROR(SUMPRODUCT(--(Data!$K$2:$K$16="Yes"),--(((Data!$H$2:$H$16=$C$5)+($C$5="All"))>0),--(((Data!$L$2:$L$16=$C$6)+($C$6="All"))>0),--(((Data!$J$2:$J$16=$C$7)+($C$7="All"))>0))/E6,0) -> 0.46666667 | I6: =IFERROR(SUMPRODUCT(--(Data!$K$2:$K$16="No"),--(((Data!$H$2:$H$16=$C$5)+($C$5="All"))>0),--(((Data!$L$2:$L$16=$C$6)+($C$6="All"))>0),--(((Data!$J$2:$J$16=$C$7)+($C$7="All"))>0))/E6,0) -> 0.53333333 | K6: =SUMPRODUCT(Data!$F$2:$F$16,--(Data!$K$2:$K$16="Yes"),--(((Data!$H$2:$H$16=$C$5)+($C$5="All"))>0),--(((Data!$L$2:$L$16=$C$6)+($C$6="All"))>0),--(((Data!$J$2:$J$16=$C$7)+($C$7="All"))>0)) -> 409.93 | M6: =IFERROR(SUMPRODUCT(Data!$D$2:$D$16,--(((Data!$H$2:$H$16=$C$5)+($C$5="All"))>0),--(((Data!$L$2:$L$16=$C$6)+($C$6="All"))>0),--(((Data!$J$2:$J$16=$C$7)+($C$7="All"))>0))/E6,0) -> 18.8
B7: Payment method | C7: All
B9: CHURN PATTERNS
H25: How to read this dashboard
H26: Use the three dropdown filters to change the KPI cards and charts. “Monthly revenue at risk” is the sum of MonthlyCharges for customers marked as churned in the selected view. This dataset has 15 records, so differences are descriptive observations—not causal conclusions or population estimates.
H33: Decision note
H34: The unfiltered view indicates a 46.7% churn rate. Churn is concentrated among month-to-month customers in this small sample; investigate the pattern with a larger dataset before taking action.

Sheet Data
A1: CustomerID | B1: Gender | C1: Age | D1: TenureMonths | E1: SubscriptionType | F1: MonthlyCharges | G1: TotalCharges | H1: ContractType | I1: SupportTickets | J1: PaymentMethod | K1: Churn | L1: TenureBand
A2: CUST-1001 | B2: Female | C2: 34 | D2: 12 | E2: Basic | F2: 49.99 | G2: 599.88 | H2: Month-to-Month | I2: 3 | J2: Credit Card | K2: Yes | L2: 0-12 months
A3: CUST-1002 | B3: Male | C3: 45 | D3: 24 | E3: Pro | F3: 79.99 | G3: 1919.76 | H3: One Year | I3: 1 | J3: Bank Transfer | K3: No | L3: 13-24 months
A4: CUST-1003 | B4: Female | C4: 29 | D4: 6 | E4: Basic | F4: 49.99 | G4: 299.94 | H4: Month-to-Month | I4: 5 | J4: UPI | K4: Yes | L4: 0-12 months
A5: CUST-1004 | B5: Male | C5: 52 | D5: 36 | E5: Enterprise | F5: 149.99 | G5: 5399.64 | H5: Two Year | I5: 0 | J5: Credit Card | K5: No | L5: 25+ months
A6: CUST-1005 | B6: Female | C6: 41 | D6: 8 | E6: Pro | F6: 79.99 | G6: 639.92 | H6: Month-to-Month | I6: 4 | J6: Debit Card | K6: Yes | L6: 0-12 months
A7: CUST-1006 | B7: Male | C7: 31 | D7: 18 | E7: Basic | F7: 49.99 | G7: 899.82 | H7: One Year | I7: 2 | J7: UPI | K7: No | L7: 13-24 months
A8: CUST-1007 | B8: Female | C8: 23 | D8: 3 | E8: Basic | F8: 49.99 | G8: 149.97 | H8: Month-to-Month | I8: 6 | J8: Credit Card | K8: Yes | L8: 0-12 months
A9: CUST-1008 | B9: Male | C9: 60 | D9: 48 | E9: Enterprise | F9: 149.99 | G9: 7199.52 | H9: Two Year | I9: 1 | J9: Bank Transfer | K9: No | L9: 25+ months
A10: CUST-1009 | B10: Female | C10: 38 | D10: 15 | E10: Pro | F10: 79.99 | G10: 1199.85 | H10: One Year | I10: 2 | J10: Credit Card | K10: No | L10: 13-24 months
A11: CUST-1010 | B11: Male | C11: 27 | D11: 4 | E11: Basic | F11: 49.99 | G11: 199.96 | H11: Month-to-Month | I11: 4 | J11: UPI | K11: Yes | L11: 0-12 months
A12: CUST-1011 | B12: Female | C12: 49 | D12: 30 | E12: Enterprise | F12: 149.99 | G12: 4499.7 | H12: Two Year | I12: 0 | J12: Credit Card | K12: No | L12: 25+ months
A13: CUST-1012 | B13: Male | C13: 33 | D13: 14 | E13: Pro | F13: 79.99 | G13: 1119.86 | H13: Month-to-Month | I13: 3 | J13: Debit Card | K13: Yes | L13: 13-24 months
... A16: CUST-1015 | B16: Female | C16: 43 | D16: 40 | E16: Enterprise | F16: 149.99 | G16: 5999.6 | H16: Two Year | I16: 1 | J16: Credit Card | K16: No | L16: 25+ months

Sheet Metric Definitions
A1: KPI Definitions and Assumptions
A3: Metric | B3: Definition used in this workbook
A4: Churn rate | B4: Customers with Churn = Yes ÷ selected customers.
A5: Retention rate | B5: Customers with Churn = No ÷ selected customers.
A6: Monthly revenue at risk | B6: Sum of MonthlyCharges for customers with Churn = Yes in the selected view. It is a monthly recurring-charge proxy, not a forecast of realized revenue loss.
A7: Average tenure | B7: Average TenureMonths for selected customers.
A8: Tenure bands | B8: 0-12 months, 13-24 months, and 25+ months. These are display groupings created for this dashboard.
A9: Filters | B9: Contract type, tenure band, and payment method dropdowns on the Dashboard sheet. Metrics and charts recalculate when opened in Excel.
A10: Scope limitation | B10: The source contains 15 records. Dashboard patterns are descriptive only and should not be generalized or treated as causal.
A12: Source | B12: data/customer_churn_cleaned.csv

Sheet Chart Data
A1: Contract type | B1: Churned | C1: Retained | E1: Tenure band | F1: Churned | G1: Retained | I1: Payment method | J1: Churned | K1: Retained
A2: Month-to-Month | B2: =SUMPRODUCT(--(Data!$K$2:$K$16="Yes"),--(Data!$H$2:$H$16=A2),--(((Data!$L$2:$L$16=Dashboard!$C$6)+(Dashboard!$C$6="All"))>0),--(((Data!$J$2:$J$16=Dashboard!$C$7)+(Dashboard!$C$7="All"))>0)) -> 7 | C2: =SUMPRODUCT(--(Data!$K$2:$K$16="No"),--(Data!$H$2:$H$16=A2),--(((Data!$L$2:$L$16=Dashboard!$C$6)+(Dashboard!$C$6="All"))>0),--(((Data!$J$2:$J$16=Dashboard!$C$7)+(Dashboard!$C$7="All"))>0)) -> 0 | E2: 0-12 months | F2: =SUMPRODUCT(--(Data!$K$2:$K$16="Yes"),--(Data!$L$2:$L$16=E2),--(((Data!$H$2:$H$16=Dashboard!$C$5)+(Dashboard!$C$5="All"))>0),--(((Data!$J$2:$J$16=Dashboard!$C$7)+(Dashboard!$C$7="All"))>0)) -> 6 | G2: =SUMPRODUCT(--(Data!$K$2:$K$16="No"),--(Data!$L$2:$L$16=E2),--(((Data!$H$2:$H$16=Dashboard!$C$5)+(Dashboard!$C$5="All"))>0),--(((Data!$J$2:$J$16=Dashboard!$C$7)+(Dashboard!$C$7="All"))>0)) -> 0 | I2: Bank Transfer | J2: =SUMPRODUCT(--(Data!$K$2:$K$16="Yes"),--(Data!$J$2:$J$16=I2),--(((Data!$H$2:$H$16=Dashboard!$C$5)+(Dashboard!$C$5="All"))>0),--(((Data!$L$2:$L$16=Dashboard!$C$6)+(Dashboard!$C$6="All"))>0)) -> 0 | K2: =SUMPRODUCT(--(Data!$K$2:$K$16="No"),--(Data!$J$2:$J$16=I2),--(((Data!$H$2:$H$16=Dashboard!$C$5)+(Dashboard!$C$5="All"))>0),--(((Data!$L$2:$L$16=Dashboard!$C$6)+(Dashboard!$C$6="All"))>0)) -> 3
A3: One Year | B3: =SUMPRODUCT(--(Data!$K$2:$K$16="Yes"),--(Data!$H$2:$H$16=A3),--(((Data!$L$2:$L$16=Dashboard!$C$6)+(Dashboard!$C$6="All"))>0),--(((Data!$J$2:$J$16=Dashboard!$C$7)+(Dashboard!$C$7="All"))>0)) -> 0 | C3: =SUMPRODUCT(--(Data!$K$2:$K$16="No"),--(Data!$H$2:$H$16=A3),--(((Data!$L$2:$L$16=Dashboard!$C$6)+(Dashboard!$C$6="All"))>0),--(((Data!$J$2:$J$16=Dashboard!$C$7)+(Dashboard!$C$7="All"))>0)) -> 4 | E3: 13-24 months | F3: =SUMPRODUCT(--(Data!$K$2:$K$16="Yes"),--(Data!$L$2:$L$16=E3),--(((Data!$H$2:$H$16=Dashboard!$C$5)+(Dashboard!$C$5="All"))>0),--(((Data!$J$2:$J$16=Dashboard!$C$7)+(Dashboard!$C$7="All"))>0)) -> 1 | G3: =SUMPRODUCT(--(Data!$K$2:$K$16="No"),--(Data!$L$2:$L$16=E3),--(((Data!$H$2:$H$16=Dashboard!$C$5)+(Dashboard!$C$5="All"))>0),--(((Data!$J$2:$J$16=Dashboard!$C$7)+(Dashboard!$C$7="All"))>0)) -> 4 | I3: Credit Card | J3: =SUMPRODUCT(--(Data!$K$2:$K$16="Yes"),--(Data!$J$2:$J$16=I3),--(((Data!$H$2:$H$16=Dashboard!$C$5)+(Dashboard!$C$5="All"))>0),--(((Data!$L$2:$L$16=Dashboard!$C$6)+(Dashboard!$C$6="All"))>0)) -> 2 | K3: =SUMPRODUCT(--(Data!$K$2:$K$16="No"),--(Data!$J$2:$J$16=I3),--(((Data!$H$2:$H$16=Dashboard!$C$5)+(Dashboard!$C$5="All"))>0),--(((Data!$L$2:$L$16=Dashboard!$C$6)+(Dashboard!$C$6="All"))>0)) -> 4
A4: Two Year | B4: =SUMPRODUCT(--(Data!$K$2:$K$16="Yes"),--(Data!$H$2:$H$16=A4),--(((Data!$L$2:$L$16=Dashboard!$C$6)+(Dashboard!$C$6="All"))>0),--(((Data!$J$2:$J$16=Dashboard!$C$7)+(Dashboard!$C$7="All"))>0)) -> 0 | C4: =SUMPRODUCT(--(Data!$K$2:$K$16="No"),--(Data!$H$2:$H$16=A4),--(((Data!$L$2:$L$16=Dashboard!$C$6)+(Dashboard!$C$6="All"))>0),--(((Data!$J$2:$J$16=Dashboard!$C$7)+(Dashboard!$C$7="All"))>0)) -> 4 | E4: 25+ months | F4: =SUMPRODUCT(--(Data!$K$2:$K$16="Yes"),--(Data!$L$2:$L$16=E4),--(((Data!$H$2:$H$16=Dashboard!$C$5)+(Dashboard!$C$5="All"))>0),--(((Data!$J$2:$J$16=Dashboard!$C$7)+(Dashboard!$C$7="All"))>0)) -> 0 | G4: =SUMPRODUCT(--(Data!$K$2:$K$16="No"),--(Data!$L$2:$L$16=E4),--(((Data!$H$2:$H$16=Dashboard!$C$5)+(Dashboard!$C$5="All"))>0),--(((Data!$J$2:$J$16=Dashboard!$C$7)+(Dashboard!$C$7="All"))>0)) -> 4 | I4: Debit Card | J4: =SUMPRODUCT(--(Data!$K$2:$K$16="Yes"),--(Data!$J$2:$J$16=I4),--(((Data!$H$2:$H$16=Dashboard!$C$5)+(Dashboard!$C$5="All"))>0),--(((Data!$L$2:$L$16=Dashboard!$C$6)+(Dashboard!$C$6="All"))>0)) -> 2 | K4: =SUMPRODUCT(--(Data!$K$2:$K$16="No"),--(Data!$J$2:$J$16=I4),--(((Data!$H$2:$H$16=Dashboard!$C$5)+(Dashboard!$C$5="All"))>0),--(((Data!$L$2:$L$16=Dashboard!$C$6)+(Dashboard!$C$6="All"))>0)) -> 0
I5: UPI | J5: =SUMPRODUCT(--(Data!$K$2:$K$16="Yes"),--(Data!$J$2:$J$16=I5),--(((Data!$H$2:$H$16=Dashboard!$C$5)+(Dashboard!$C$5="All"))>0),--(((Data!$L$2:$L$16=Dashboard!$C$6)+(Dashboard!$C$6="All"))>0)) -> 3 | K5: =SUMPRODUCT(--(Data!$K$2:$K$16="No"),--(Data!$J$2:$J$16=I5),--(((Data!$H$2:$H$16=Dashboard!$C$5)+(Dashboard!$C$5="All"))>0),--(((Data!$L$2:$L$16=Dashboard!$C$6)+(Dashboard!$C$6="All"))>0)) -> 1
